,date,max_dew_point_v,max_dew_point_s,max_dew_point_c,max_dew_point_d,max_relative_humidity_v,max_relative_humidity_s,max_relative_humidity_c,max_relative_humidity_d,max_temperature_v,max_temperature_s,max_temperature_c,max_temperature_d,max_wind_speed_v,max_wind_speed_s,max_wind_speed_c,max_wind_speed_d,min_dew_point_v,min_dew_point_s,min_dew_point_c,min_dew_point_d,min_relative_humidity_v,min_relative_humidity_s,min_relative_humidity_c,min_relative_humidity_d,min_temperature_v,min_temperature_s,min_temperature_c,min_temperature_d,min_wind_speed_v,min_wind_speed_s,min_wind_speed_c,min_wind_speed_d,precipitation_v,precipitation_s,precipitation_c,precipitation_d,rain_v,rain_s,rain_c,rain_d,snow_v,snow_s,snow_c,snow_d,snow_on_ground_v,snow_on_ground_s,snow_on_ground_c,snow_on_ground_d,solar_radiation_v,solar_radiation_s,solar_radiation_c,solar_radiation_d
0,2023-12-14,5.37,3.31,450,1993-12-07 2022-12-21,96.65,6.21,450,1993-12-07 2022-12-21,7.98,2.66,450,1993-12-07 2022-12-21,20.66,12.35,450,1993-12-07 2022-12-21,1.71,4.37,450,1993-12-07 2022-12-21,78.78,15.77,450,1993-12-07 2022-12-21,2.5,3.48,450,1993-12-07 2022-12-21,3.88,6.05,450,1993-12-07 2022-12-21,15.86,21.37,444,1993-12-07 2022-12-21,15.69,21.38,444,1993-12-07 2022-12-21,0.17,1.24,444,1993-12-07 2022-12-21,0.2,1.12,434,1993-12-07 2022-12-21,,,,
1,2023-12-13,5.39,3.4,450,1993-12-06 2022-12-20,96.5,6.89,450,1993-12-06 2022-12-20,8.04,2.62,450,1993-12-06 2022-12-20,20.6,12.53,450,1993-12-06 2022-12-20,1.74,4.44,450,1993-12-06 2022-12-20,78.77,15.98,450,1993-12-06 2022-12-20,2.49,3.48,450,1993-12-06 2022-12-20,3.83,5.97,450,1993-12-06 2022-12-20,15.79,21.41,444,1993-12-06 2022-12-20,15.62,21.42,444,1993-12-06 2022-12-20,0.17,1.24,444,1993-12-06 2022-12-20,0.2,0.94,432,1993-12-06 2022-12-20,,,,
2,2023-12-12,5.39,3.34,450,1993-12-05 2022-12-19,96.56,6.76,450,1993-12-05 2022-12-19,8.06,2.61,450,1993-12-05 2022-12-19,20.38,12.47,450,1993-12-05 2022-12-19,1.67,4.34,450,1993-12-05 2022-12-19,78.56,15.98,450,1993-12-05 2022-12-19,2.4,3.43,450,1993-12-05 2022-12-19,3.59,5.58,450,1993-12-05 2022-12-19,15.67,21.39,443,1993-12-05 2022-12-19,15.52,21.38,443,1993-12-05 2022-12-19,0.16,1.1,443,1993-12-05 2022-12-19,0.1,0.85,429,1993-12-05 2022-12-19,,,,
3,2023-12-11,5.4,3.21,450,1993-12-04 2022-12-18,96.7,6.21,450,1993-12-04 2022-12-18,8.1,2.53,450,1993-12-04 2022-12-18,20.16,12.54,450,1993-12-04 2022-12-18,1.67,4.19,450,1993-12-04 2022-12-18,78.23,15.87,450,1993-12-04 2022-12-18,2.33,3.46,450,1993-12-04 2022-12-18,3.46,5.58,450,1993-12-04 2022-12-18,14.9,20.79,443,1993-12-04 2022-12-18,14.76,20.77,443,1993-12-04 2022-12-18,0.14,1.04,443,1993-12-04 2022-12-18,0.1,0.84,427,1993-12-04 2022-12-18,,,,
4,2023-12-10,5.42,3.16,450,1993-12-03 2022-12-17,96.88,5.95,450,1993-12-03 2022-12-17,8.11,2.47,450,1993-12-03 2022-12-17,19.65,12.5,450,1993-12-03 2022-12-17,1.7,4.1,450,1993-12-03 2022-12-17,78.54,15.46,450,1993-12-03 2022-12-17,2.24,3.48,450,1993-12-03 2022-12-17,3.32,5.41,450,1993-12-03 2022-12-17,14.52,20.53,443,1993-12-03 2022-12-17,14.38,20.52,443,1993-12-03 2022-12-17,0.14,1.02,443,1993-12-03 2022-12-17,0.1,0.78,426,1993-12-03 2022-12-17,,,,
5,2023-12-09,5.41,3.16,450,1993-12-02 2022-12-16,96.98,5.82,450,1993-12-02 2022-12-16,8.14,2.48,450,1993-12-02 2022-12-16,19.2,12.47,450,1993-12-02 2022-12-16,1.66,4.04,450,1993-12-02 2022-12-16,78.36,15.49,450,1993-12-02 2022-12-16,2.19,3.45,450,1993-12-02 2022-12-16,3.16,5.32,450,1993-12-02 2022-12-16,13.98,20.45,443,1993-12-02 2022-12-16,13.85,20.43,443,1993-12-02 2022-12-16,0.14,1.02,443,1993-12-02 2022-12-16,0.1,0.9,425,1993-12-02 2022-12-16,,,,
6,2023-12-08,5.41,3.16,450,1993-12-01 2022-12-15,96.94,5.87,450,1993-12-01 2022-12-15,8.16,2.49,450,1993-12-01 2022-12-15,19.32,12.49,450,1993-12-01 2022-12-15,1.59,4.01,450,1993-12-01 2022-12-15,78.11,15.4,450,1993-12-01 2022-12-15,2.16,3.42,450,1993-12-01 2022-12-15,3.16,5.37,450,1993-12-01 2022-12-15,13.93,20.79,442,1993-12-01 2022-12-15,13.79,20.78,442,1993-12-01 2022-12-15,0.14,1.04,442,1993-12-01 2022-12-15,0.1,0.91,423,1993-12-01 2022-12-15,,,,
7,2023-12-07,5.5,3.15,450,1993-11-30 2022-12-14,97.09,5.59,450,1993-11-30 2022-12-14,8.21,2.49,450,1993-11-30 2022-12-14,19.06,12.43,450,1993-11-30 2022-12-14,1.65,3.99,450,1993-11-30 2022-12-14,78.02,15.42,450,1993-11-30 2022-12-14,2.2,3.47,450,1993-11-30 2022-12-14,2.98,5.11,450,1993-11-30 2022-12-14,13.14,19.62,443,1993-11-30 2022-12-14,13.0,19.61,443,1993-11-30 2022-12-14,0.13,1.03,443,1993-11-30 2022-12-14,0.1,0.95,423,1993-11-30 2022-12-14,,,,
8,2023-12-06,5.59,3.21,450,1993-11-29 2022-12-13,97.09,5.62,450,1993-11-29 2022-12-13,8.27,2.52,450,1993-11-29 2022-12-13,19.17,12.45,450,1993-11-29 2022-12-13,1.73,4.09,450,1993-11-29 2022-12-13,78.13,15.61,450,1993-11-29 2022-12-13,2.28,3.56,450,1993-11-29 2022-12-13,2.97,5.08,450,1993-11-29 2022-12-13,13.35,19.69,442,1993-11-29 2022-12-13,13.22,19.68,442,1993-11-29 2022-12-13,0.13,0.98,442,1993-11-29 2022-12-13,0.1,0.81,421,1993-11-29 2022-12-13,,,,
9,2023-12-05,5.6,3.3,450,1993-11-28 2022-12-12,97.02,5.79,450,1993-11-28 2022-12-12,8.32,2.51,450,1993-11-28 2022-12-12,18.96,12.28,450,1993-11-28 2022-12-12,1.78,4.06,450,1993-11-28 2022-12-12,77.97,15.59,450,1993-11-28 2022-12-12,2.26,3.6,450,1993-11-28 2022-12-12,3.01,5.13,450,1993-11-28 2022-12-12,13.43,19.77,443,1993-11-28 2022-12-12,13.31,19.76,443,1993-11-28 2022-12-12,0.12,0.88,443,1993-11-28 2022-12-12,0.1,0.81,422,1993-11-28 2022-12-12,,,,
10,2023-12-04,5.64,3.33,450,1993-11-27 2022-12-11,97.04,5.23,450,1993-11-27 2022-12-11,8.35,2.5,450,1993-11-27 2022-12-11,18.93,12.02,450,1993-11-27 2022-12-11,1.79,4.09,450,1993-11-27 2022-12-11,78.07,15.45,450,1993-11-27 2022-12-11,2.28,3.63,450,1993-11-27 2022-12-11,3.04,5.14,450,1993-11-27 2022-12-11,13.36,19.38,443,1993-11-27 2022-12-11,13.24,19.36,443,1993-11-27 2022-12-11,0.12,0.88,443,1993-11-27 2022-12-11,0.1,0.81,422,1993-11-27 2022-12-11,,,,
11,2023-12-03,5.67,3.36,450,1993-11-26 2022-12-10,97.1,5.09,450,1993-11-26 2022-12-10,8.36,2.48,450,1993-11-26 2022-12-10,18.76,11.97,450,1993-11-26 2022-12-10,1.76,4.13,450,1993-11-26 2022-12-10,77.88,15.63,450,1993-11-26 2022-12-10,2.23,3.63,450,1993-11-26 2022-12-10,2.96,5.0,450,1993-11-26 2022-12-10,13.34,19.25,444,1993-11-26 2022-12-10,13.22,19.24,444,1993-11-26 2022-12-10,0.12,0.88,444,1993-11-26 2022-12-10,0.1,0.82,423,1993-11-27 2022-12-10,,,,
12,2023-12-02,5.67,3.38,450,1993-11-25 2022-12-09,97.11,5.06,450,1993-11-25 2022-12-09,8.43,2.46,450,1993-11-25 2022-12-09,18.57,11.88,450,1993-11-25 2022-12-09,1.74,4.15,450,1993-11-25 2022-12-09,77.4,15.57,450,1993-11-25 2022-12-09,2.23,3.66,450,1993-11-25 2022-12-09,2.94,4.96,450,1993-11-25 2022-12-09,13.3,19.57,444,1993-11-25 2022-12-09,13.17,19.55,444,1993-11-25 2022-12-09,0.13,0.94,444,1993-11-25 2022-12-09,0.1,0.84,422,1993-11-27 2022-12-09,,,,
13,2023-12-01,5.74,3.38,450,1993-11-24 2022-12-08,97.1,5.06,450,1993-11-24 2022-12-08,8.47,2.43,450,1993-11-24 2022-12-08,18.72,11.99,450,1993-11-24 2022-12-08,1.81,4.15,450,1993-11-24 2022-12-08,77.42,15.5,450,1993-11-24 2022-12-08,2.31,3.65,450,1993-11-24 2022-12-08,2.92,4.92,450,1993-11-24 2022-12-08,13.62,19.81,445,1993-11-24 2022-12-08,13.48,19.8,445,1993-11-24 2022-12-08,0.14,0.95,445,1993-11-24 2022-12-08,0.1,0.86,422,1993-11-27 2022-12-08,,,,
14,2023-11-30,5.82,3.4,450,1993-11-23 2022-12-07,97.13,5.08,450,1993-11-23 2022-12-07,8.54,2.45,450,1993-11-23 2022-12-07,18.76,12.02,450,1993-11-23 2022-12-07,1.91,4.15,450,1993-11-23 2022-12-07,77.4,15.22,450,1993-11-23 2022-12-07,2.36,3.66,450,1993-11-23 2022-12-07,2.83,4.76,450,1993-11-23 2022-12-07,13.83,19.98,446,1993-11-23 2022-12-07,13.68,19.97,446,1993-11-23 2022-12-07,0.14,0.95,446,1993-11-23 2022-12-07,0.2,0.89,423,1993-11-27 2022-12-07,,,,
15,2023-11-29,5.88,3.4,450,1993-11-22 2022-12-06,97.2,4.91,450,1993-11-22 2022-12-06,8.56,2.47,450,1993-11-22 2022-12-06,18.73,11.76,450,1993-11-22 2022-12-06,1.97,4.14,450,1993-11-22 2022-12-06,77.66,14.96,450,1993-11-22 2022-12-06,2.38,3.65,450,1993-11-22 2022-12-06,2.79,4.56,450,1993-11-22 2022-12-06,13.93,19.89,446,1993-11-22 2022-12-06,13.79,19.87,446,1993-11-22 2022-12-06,0.14,0.95,446,1993-11-22 2022-12-06,0.2,0.94,423,1993-11-27 2022-12-06,,,,
16,2023-11-28,5.96,3.32,450,1993-11-21 2022-12-05,97.37,3.88,450,1993-11-21 2022-12-05,8.64,2.46,450,1993-11-21 2022-12-05,18.83,11.73,450,1993-11-21 2022-12-05,2.01,4.03,450,1993-11-21 2022-12-05,77.53,14.78,450,1993-11-21 2022-12-05,2.44,3.62,450,1993-11-21 2022-12-05,2.78,4.72,450,1993-11-21 2022-12-05,14.47,20.13,447,1993-11-21 2022-12-05,14.31,20.13,447,1993-11-21 2022-12-05,0.16,1.04,447,1993-11-21 2022-12-05,0.2,0.92,424,1993-11-21 2022-12-05,,,,
17,2023-11-27,6.05,3.33,450,1993-11-20 2022-12-04,97.32,4.09,450,1993-11-20 2022-12-04,8.75,2.41,450,1993-11-20 2022-12-04,18.96,11.65,450,1993-11-20 2022-12-04,2.12,4.08,450,1993-11-20 2022-12-04,77.36,14.88,450,1993-11-20 2022-12-04,2.57,3.67,450,1993-11-20 2022-12-04,2.84,4.86,450,1993-11-20 2022-12-04,14.41,20.05,448,1993-11-20 2022-12-04,14.27,20.05,448,1993-11-20 2022-12-04,0.14,1.0,448,1993-11-20 2022-12-04,0.2,0.92,426,1993-11-20 2022-12-04,,,,
18,2023-11-26,6.16,3.35,450,1993-11-19 2022-12-03,97.34,4.16,450,1993-11-19 2022-12-03,8.88,2.45,450,1993-11-19 2022-12-03,19.29,11.96,450,1993-11-19 2022-12-03,2.21,4.14,450,1993-11-19 2022-12-03,77.32,15.09,450,1993-11-19 2022-12-03,2.69,3.66,450,1993-11-19 2022-12-03,2.86,4.75,450,1993-11-19 2022-12-03,14.73,20.36,447,1993-11-19 2022-12-03,14.59,20.36,447,1993-11-19 2022-12-03,0.14,1.0,447,1993-11-19 2022-12-03,0.2,0.92,426,1993-11-19 2022-12-03,,,,
19,2023-11-25,6.21,3.32,450,1993-11-18 2022-12-02,97.18,4.44,450,1993-11-18 2022-12-02,8.97,2.46,450,1993-11-18 2022-12-02,19.52,12.07,450,1993-11-18 2022-12-02,2.27,4.13,450,1993-11-18 2022-12-02,76.95,15.15,450,1993-11-18 2022-12-02,2.81,3.65,450,1993-11-18 2022-12-02,3.01,5.02,450,1993-11-18 2022-12-02,14.89,20.68,445,1993-11-18 2022-12-02,14.76,20.69,445,1993-11-18 2022-12-02,0.13,0.99,445,1993-11-18 2022-12-02,0.2,0.94,424,1993-11-18 2022-12-02,,,,
20,2023-11-24,6.32,3.33,450,1993-11-17 2022-12-01,97.18,4.42,450,1993-11-17 2022-12-01,9.09,2.48,450,1993-11-17 2022-12-01,19.84,12.19,450,1993-11-17 2022-12-01,2.35,4.18,450,1993-11-17 2022-12-01,76.68,15.33,450,1993-11-17 2022-12-01,2.9,3.68,450,1993-11-17 2022-12-01,3.09,5.1,450,1993-11-17 2022-12-01,15.17,20.86,444,1993-11-17 2022-12-01,15.01,20.89,444,1993-11-17 2022-12-01,0.16,1.15,444,1993-11-17 2022-12-01,0.1,0.74,423,1993-11-17 2022-12-01,,,,
21,2023-11-23,6.43,3.33,450,1993-11-16 2022-11-30,97.12,4.56,450,1993-11-16 2022-11-30,9.22,2.45,450,1993-11-16 2022-11-30,19.83,12.17,450,1993-11-16 2022-11-30,2.46,4.18,450,1993-11-16 2022-11-30,76.48,15.39,450,1993-11-16 2022-11-30,3.02,3.68,450,1993-11-16 2022-11-30,3.14,5.17,450,1993-11-16 2022-11-30,15.56,22.27,445,1993-11-16 2022-11-30,15.42,22.29,445,1993-11-16 2022-11-30,0.14,1.03,445,1993-11-16 2022-11-30,0.1,0.69,424,1993-11-16 2022-11-30,,,,
22,2023-11-22,6.52,3.36,450,1993-11-15 2022-11-29,97.14,4.55,450,1993-11-15 2022-11-29,9.34,2.46,450,1993-11-15 2022-11-29,20.07,12.15,450,1993-11-15 2022-11-29,2.57,4.22,450,1993-11-15 2022-11-29,76.5,15.52,450,1993-11-15 2022-11-29,3.12,3.66,450,1993-11-15 2022-11-29,3.21,5.22,450,1993-11-15 2022-11-29,15.91,22.08,444,1993-11-15 2022-11-29,15.77,22.11,444,1993-11-15 2022-11-29,0.14,1.03,444,1993-11-15 2022-11-29,0.1,0.59,423,1993-11-15 2022-11-29,,,,
23,2023-11-21,6.62,3.34,450,1993-11-14 2022-11-28,97.14,4.65,450,1993-11-14 2022-11-28,9.46,2.44,450,1993-11-14 2022-11-28,19.76,12.04,450,1993-11-14 2022-11-28,2.69,4.19,450,1993-11-14 2022-11-28,76.49,15.51,450,1993-11-14 2022-11-28,3.19,3.62,450,1993-11-14 2022-11-28,3.19,5.33,450,1993-11-14 2022-11-28,16.3,23.24,445,1993-11-14 2022-11-28,16.18,23.28,445,1993-11-14 2022-11-28,0.11,0.92,445,1993-11-14 2022-11-28,0.1,0.56,424,1993-11-14 2022-11-28,,,,
24,2023-11-20,6.77,3.27,450,1993-11-13 2022-11-27,97.16,4.57,450,1993-11-13 2022-11-27,9.6,2.42,450,1993-11-13 2022-11-27,19.9,12.17,450,1993-11-13 2022-11-27,2.84,4.1,450,1993-11-13 2022-11-27,76.53,15.4,450,1993-11-13 2022-11-27,3.36,3.62,450,1993-11-13 2022-11-27,3.11,5.18,450,1993-11-13 2022-11-27,16.51,23.62,445,1993-11-13 2022-11-27,16.41,23.66,445,1993-11-13 2022-11-27,0.11,0.91,445,1993-11-13 2022-11-27,0.1,0.56,424,1993-11-13 2022-11-27,,,,
25,2023-11-19,6.92,3.3,450,1993-11-12 2022-11-26,97.23,4.56,450,1993-11-12 2022-11-26,9.71,2.4,450,1993-11-12 2022-11-26,20.0,12.38,450,1993-11-12 2022-11-26,3.01,4.15,450,1993-11-12 2022-11-26,76.77,15.62,450,1993-11-12 2022-11-26,3.48,3.63,450,1993-11-12 2022-11-26,3.18,5.27,450,1993-11-12 2022-11-26,16.44,23.39,445,1993-11-12 2022-11-26,16.34,23.43,445,1993-11-12 2022-11-26,0.11,0.91,445,1993-11-12 2022-11-26,0.1,0.56,424,1993-11-12 2022-11-26,,,,
26,2023-11-18,7.02,3.27,450,1993-11-11 2022-11-25,97.21,4.52,450,1993-11-11 2022-11-25,9.83,2.41,450,1993-11-11 2022-11-25,20.22,12.26,450,1993-11-11 2022-11-25,3.14,4.14,450,1993-11-11 2022-11-25,76.85,15.55,450,1993-11-11 2022-11-25,3.61,3.61,450,1993-11-11 2022-11-25,3.27,5.19,450,1993-11-11 2022-11-25,16.73,23.75,443,1993-11-11 2022-11-25,16.63,23.79,443,1993-11-11 2022-11-25,0.1,0.91,443,1993-11-11 2022-11-25,0.1,0.54,423,1993-11-11 2022-11-25,,,,
27,2023-11-17,7.12,3.25,450,1993-11-10 2022-11-24,97.2,4.57,450,1993-11-10 2022-11-24,9.96,2.42,450,1993-11-10 2022-11-24,20.1,12.22,450,1993-11-10 2022-11-24,3.22,4.15,450,1993-11-10 2022-11-24,76.76,15.73,450,1993-11-10 2022-11-24,3.66,3.58,450,1993-11-10 2022-11-24,3.24,5.19,450,1993-11-10 2022-11-24,16.18,23.18,442,1993-11-10 2022-11-24,16.09,23.21,442,1993-11-10 2022-11-24,0.09,0.84,442,1993-11-10 2022-11-24,0.1,0.51,423,1993-11-10 2022-11-24,,,,
28,2023-11-16,7.2,3.23,450,1993-11-09 2022-11-23,97.2,4.68,450,1993-11-09 2022-11-23,10.08,2.41,450,1993-11-09 2022-11-23,19.78,12.04,450,1993-11-09 2022-11-23,3.35,4.15,450,1993-11-09 2022-11-23,76.78,15.94,450,1993-11-09 2022-11-23,3.78,3.63,450,1993-11-09 2022-11-23,3.18,5.11,450,1993-11-09 2022-11-23,15.27,22.73,442,1993-11-09 2022-11-23,15.19,22.76,442,1993-11-09 2022-11-23,0.08,0.83,442,1993-11-09 2022-11-23,0.1,0.47,424,1993-11-09 2022-11-23,,,,
29,2023-11-15,7.32,3.14,450,1993-11-08 2022-11-22,97.23,4.61,450,1993-11-08 2022-11-22,10.22,2.34,450,1993-11-08 2022-11-22,19.89,12.23,450,1993-11-08 2022-11-22,3.45,4.17,450,1993-11-08 2022-11-22,76.64,16.34,450,1993-11-08 2022-11-22,3.92,3.61,450,1993-11-08 2022-11-22,3.35,5.44,450,1993-11-08 2022-11-22,15.72,22.83,441,1993-11-08 2022-11-22,15.64,22.86,441,1993-11-08 2022-11-22,0.08,0.82,441,1993-11-08 2022-11-22,0.0,0.4,424,1993-11-08 2022-11-22,,,,
30,2023-11-14,7.43,3.12,450,1993-11-07 2022-11-21,97.18,4.9,450,1993-11-07 2022-11-21,10.38,2.23,450,1993-11-07 2022-11-21,19.9,12.49,450,1993-11-07 2022-11-21,3.58,4.09,450,1993-11-07 2022-11-21,76.49,16.49,450,1993-11-07 2022-11-21,4.04,3.6,450,1993-11-07 2022-11-21,3.47,5.79,450,1993-11-07 2022-11-21,15.5,22.68,440,1993-11-07 2022-11-21,15.43,22.71,440,1993-11-07 2022-11-21,0.08,0.83,440,1993-11-07 2022-11-21,0.0,0.28,424,1993-11-07 2022-11-21,,,,
31,2023-11-13,7.55,3.11,450,1993-11-06 2022-11-20,97.22,4.83,450,1993-11-06 2022-11-20,10.48,2.21,450,1993-11-06 2022-11-20,19.92,12.37,450,1993-11-06 2022-11-20,3.72,4.13,450,1993-11-06 2022-11-20,76.51,16.7,450,1993-11-06 2022-11-20,4.16,3.64,450,1993-11-06 2022-11-20,3.51,5.69,450,1993-11-06 2022-11-20,15.65,23.48,440,1993-11-06 2022-11-20,15.6,23.5,440,1993-11-06 2022-11-20,0.06,0.71,440,1993-11-06 2022-11-20,0.0,0.28,425,1993-11-06 2022-11-20,,,,
32,2023-11-12,7.65,3.07,450,1993-11-05 2022-11-19,97.26,4.64,450,1993-11-05 2022-11-19,10.57,2.18,450,1993-11-05 2022-11-19,19.92,12.24,450,1993-11-05 2022-11-19,3.85,4.13,450,1993-11-05 2022-11-19,76.79,16.71,450,1993-11-05 2022-11-19,4.28,3.59,450,1993-11-05 2022-11-19,3.58,5.62,450,1993-11-05 2022-11-19,16.31,24.04,440,1993-11-05 2022-11-19,16.25,24.06,440,1993-11-05 2022-11-19,0.05,0.71,440,1993-11-05 2022-11-19,0.0,0.26,425,1993-11-05 2022-11-19,,,,
33,2023-11-11,7.73,3.08,450,1993-11-04 2022-11-18,97.24,4.49,450,1993-11-04 2022-11-18,10.65,2.19,450,1993-11-04 2022-11-18,19.95,12.2,450,1993-11-04 2022-11-18,3.99,4.08,450,1993-11-04 2022-11-18,76.78,16.51,450,1993-11-04 2022-11-18,4.43,3.61,450,1993-11-04 2022-11-18,3.6,5.66,450,1993-11-04 2022-11-18,16.21,23.79,441,1993-11-04 2022-11-18,16.16,23.81,441,1993-11-04 2022-11-18,0.05,0.7,441,1993-11-04 2022-11-18,0.0,0.24,426,1993-11-04 2022-11-18,,,,
34,2023-11-10,7.9,3.11,450,1993-11-03 2022-11-17,97.3,4.31,450,1993-11-03 2022-11-17,10.79,2.18,450,1993-11-03 2022-11-17,20.22,12.15,450,1993-11-03 2022-11-17,4.14,4.14,450,1993-11-03 2022-11-17,76.96,16.68,450,1993-11-03 2022-11-17,4.58,3.63,450,1993-11-03 2022-11-17,3.51,5.56,450,1993-11-03 2022-11-17,16.64,24.25,442,1993-11-03 2022-11-17,16.59,24.27,442,1993-11-03 2022-11-17,0.05,0.7,442,1993-11-03 2022-11-17,0.0,0.15,427,1993-11-03 2022-11-17,,,,
35,2023-11-09,7.98,3.05,450,1993-11-02 2022-11-16,97.31,4.3,450,1993-11-02 2022-11-16,10.87,2.1,450,1993-11-02 2022-11-16,20.18,12.1,450,1993-11-02 2022-11-16,4.24,4.11,450,1993-11-02 2022-11-16,76.94,16.48,450,1993-11-02 2022-11-16,4.66,3.64,450,1993-11-02 2022-11-16,3.52,5.63,450,1993-11-02 2022-11-16,17.05,24.63,443,1993-11-02 2022-11-16,17.03,24.63,443,1993-11-02 2022-11-16,0.02,0.35,443,1993-11-02 2022-11-16,0.0,0.0,428,1993-11-02 2022-11-16,,,,
36,2023-11-08,8.04,3.01,450,1993-11-01 2022-11-15,97.42,4.06,450,1993-11-01 2022-11-15,10.97,2.07,450,1993-11-01 2022-11-15,20.01,11.91,450,1993-11-01 2022-11-15,4.28,4.11,450,1993-11-01 2022-11-15,76.83,16.48,450,1993-11-01 2022-11-15,4.67,3.67,450,1993-11-01 2022-11-15,3.36,5.51,450,1993-11-01 2022-11-15,16.51,23.54,443,1993-11-01 2022-11-15,16.5,23.54,443,1993-11-01 2022-11-15,0.0,0.05,443,1993-11-01 2022-11-15,0.0,0.0,428,1993-11-01 2022-11-15,,,,
37,2023-11-07,8.04,3.02,450,1993-10-31 2022-11-14,97.33,4.15,450,1993-10-31 2022-11-14,11.06,2.06,450,1993-10-31 2022-11-14,19.68,11.61,450,1993-10-31 2022-11-14,4.26,4.11,450,1993-10-31 2022-11-14,76.28,16.56,450,1993-10-31 2022-11-14,4.68,3.71,450,1993-10-31 2022-11-14,3.29,5.49,450,1993-10-31 2022-11-14,15.88,23.39,444,1993-10-31 2022-11-14,15.88,23.39,444,1993-10-31 2022-11-14,0.0,0.05,444,1993-10-31 2022-11-14,0.0,0.0,429,1993-10-31 2022-11-14,,,,
38,2023-11-06,8.07,3.07,450,1993-10-30 2022-11-13,97.24,4.88,450,1993-10-30 2022-11-13,11.14,2.04,450,1993-10-30 2022-11-13,19.81,11.7,450,1993-10-30 2022-11-13,4.24,4.21,450,1993-10-30 2022-11-13,75.75,16.93,450,1993-10-30 2022-11-13,4.73,3.75,450,1993-10-30 2022-11-13,3.24,5.38,450,1993-10-30 2022-11-13,15.01,22.0,444,1993-10-30 2022-11-13,15.01,22.0,444,1993-10-30 2022-11-13,0.0,0.05,444,1993-10-30 2022-11-13,0.0,0.0,429,1993-10-30 2022-11-13,,,,
39,2023-11-05,8.12,3.09,450,1993-10-29 2022-11-12,97.28,4.87,450,1993-10-29 2022-11-12,11.25,2.05,450,1993-10-29 2022-11-12,19.84,11.54,450,1993-10-29 2022-11-12,4.29,4.27,450,1993-10-29 2022-11-12,75.55,17.34,450,1993-10-29 2022-11-12,4.78,3.75,450,1993-10-29 2022-11-12,3.19,5.37,450,1993-10-29 2022-11-12,14.75,21.67,443,1993-10-29 2022-11-12,14.75,21.66,443,1993-10-29 2022-11-12,0.0,0.05,443,1993-10-29 2022-11-12,0.0,0.0,428,1993-10-29 2022-11-12,,,,
40,2023-11-04,8.19,3.04,450,1993-10-28 2022-11-11,97.22,5.01,450,1993-10-28 2022-11-11,11.34,2.06,450,1993-10-28 2022-11-11,19.74,11.45,450,1993-10-28 2022-11-11,4.4,4.22,450,1993-10-28 2022-11-11,75.31,17.15,450,1993-10-28 2022-11-11,4.94,3.74,450,1993-10-28 2022-11-11,3.19,5.41,450,1993-10-28 2022-11-11,14.33,21.3,442,1993-10-28 2022-11-11,14.33,21.29,442,1993-10-28 2022-11-11,0.0,0.05,442,1993-10-28 2022-11-11,0.0,0.0,427,1993-10-28 2022-11-11,,,,
41,2023-11-03,8.27,3.03,450,1993-10-27 2022-11-10,97.25,4.95,450,1993-10-27 2022-11-10,11.48,2.07,450,1993-10-27 2022-11-10,19.64,11.51,450,1993-10-27 2022-11-10,4.47,4.19,450,1993-10-27 2022-11-10,74.98,17.36,450,1993-10-27 2022-11-10,5.01,3.72,450,1993-10-27 2022-11-10,3.07,5.33,450,1993-10-27 2022-11-10,14.12,21.09,444,1993-10-27 2022-11-10,14.12,21.08,444,1993-10-27 2022-11-10,0.0,0.05,444,1993-10-27 2022-11-10,0.0,0.0,429,1993-10-27 2022-11-10,,,,
42,2023-11-02,8.41,3.02,450,1993-10-26 2022-11-09,97.3,4.89,450,1993-10-26 2022-11-09,11.59,2.09,450,1993-10-26 2022-11-09,19.88,11.51,450,1993-10-26 2022-11-09,4.6,4.18,450,1993-10-26 2022-11-09,74.87,17.21,450,1993-10-26 2022-11-09,5.17,3.71,450,1993-10-26 2022-11-09,3.04,5.36,450,1993-10-26 2022-11-09,14.0,21.0,445,1993-10-26 2022-11-09,14.0,21.0,445,1993-10-26 2022-11-09,0.0,0.05,445,1993-10-26 2022-11-09,0.0,0.0,430,1993-10-26 2022-11-09,,,,
43,2023-11-01,8.53,3.01,450,1993-10-25 2022-11-08,97.35,4.74,450,1993-10-25 2022-11-08,11.71,2.12,450,1993-10-25 2022-11-08,20.22,11.69,450,1993-10-25 2022-11-08,4.68,4.17,450,1993-10-25 2022-11-08,74.81,16.95,450,1993-10-25 2022-11-08,5.25,3.69,450,1993-10-25 2022-11-08,3.08,5.42,450,1993-10-25 2022-11-08,14.31,20.62,445,1993-10-25 2022-11-08,14.31,20.61,445,1993-10-25 2022-11-08,0.0,0.05,445,1993-10-25 2022-11-08,0.0,0.0,430,1993-10-25 2022-11-08,,,,
44,2023-10-31,8.6,2.97,450,1993-10-24 2022-11-07,97.34,4.75,450,1993-10-24 2022-11-07,11.79,2.11,450,1993-10-24 2022-11-07,20.15,11.5,450,1993-10-24 2022-11-07,4.76,4.05,450,1993-10-24 2022-11-07,74.68,16.7,450,1993-10-24 2022-11-07,5.32,3.64,450,1993-10-24 2022-11-07,2.91,5.07,450,1993-10-24 2022-11-07,13.8,20.27,445,1993-10-24 2022-11-07,13.8,20.27,445,1993-10-24 2022-11-07,0.0,0.05,445,1993-10-24 2022-11-07,0.0,0.0,430,1993-10-24 2022-11-07,,,,
45,2023-10-30,8.73,2.9,450,1993-10-23 2022-11-06,97.37,4.5,450,1993-10-23 2022-11-06,11.9,2.12,450,1993-10-23 2022-11-06,20.23,11.19,450,1993-10-23 2022-11-06,4.87,3.92,450,1993-10-23 2022-11-06,74.67,16.35,450,1993-10-23 2022-11-06,5.44,3.58,450,1993-10-23 2022-11-06,2.75,4.56,450,1993-10-23 2022-11-06,13.53,19.85,445,1993-10-23 2022-11-06,13.52,19.85,445,1993-10-23 2022-11-06,0.0,0.05,445,1993-10-23 2022-11-06,0.0,0.0,430,1993-10-23 2022-11-06,,,,
46,2023-10-29,8.89,2.82,450,1993-10-22 2022-11-05,97.41,4.48,450,1993-10-22 2022-11-05,12.05,2.08,450,1993-10-22 2022-11-05,20.34,11.06,450,1993-10-22 2022-11-05,5.03,3.85,450,1993-10-22 2022-11-05,74.79,16.18,450,1993-10-22 2022-11-05,5.59,3.5,450,1993-10-22 2022-11-05,2.72,4.64,450,1993-10-22 2022-11-05,13.12,18.61,445,1993-10-22 2022-11-05,13.11,18.61,445,1993-10-22 2022-11-05,0.0,0.05,445,1993-10-22 2022-11-05,0.0,0.0,430,1993-10-22 2022-11-05,,,,
47,2023-10-28,9.05,2.76,450,1993-10-21 2022-11-04,97.43,4.53,450,1993-10-21 2022-11-04,12.22,2.05,450,1993-10-21 2022-11-04,20.42,11.08,450,1993-10-21 2022-11-04,5.16,3.76,450,1993-10-21 2022-11-04,74.8,15.93,450,1993-10-21 2022-11-04,5.69,3.46,450,1993-10-21 2022-11-04,2.61,4.58,450,1993-10-21 2022-11-04,13.27,19.51,444,1993-10-21 2022-11-04,13.27,19.51,444,1993-10-21 2022-11-04,0.0,0.0,444,1993-10-21 2022-11-04,0.0,0.0,429,1993-10-21 2022-11-04,,,,
48,2023-10-27,9.2,2.63,450,1993-10-20 2022-11-03,97.55,4.44,450,1993-10-20 2022-11-03,12.36,2.02,450,1993-10-20 2022-11-03,20.15,10.75,450,1993-10-20 2022-11-03,5.3,3.65,450,1993-10-20 2022-11-03,75.04,15.67,450,1993-10-20 2022-11-03,5.79,3.38,450,1993-10-20 2022-11-03,2.6,4.58,450,1993-10-20 2022-11-03,13.06,19.4,443,1993-10-20 2022-11-03,13.06,19.4,443,1993-10-20 2022-11-03,0.0,0.0,443,1993-10-20 2022-11-03,0.0,0.0,428,1993-10-20 2022-11-03,,,,
49,2023-10-26,9.31,2.56,450,1993-10-19 2022-11-02,97.58,4.43,450,1993-10-19 2022-11-02,12.5,2.0,450,1993-10-19 2022-11-02,20.05,10.62,450,1993-10-19 2022-11-02,5.43,3.55,450,1993-10-19 2022-11-02,74.84,15.32,450,1993-10-19 2022-11-02,5.92,3.3,450,1993-10-19 2022-11-02,2.56,4.47,450,1993-10-19 2022-11-02,12.34,18.29,443,1993-10-19 2022-11-02,12.34,18.29,443,1993-10-19 2022-11-02,0.0,0.0,443,1993-10-19 2022-11-02,0.0,0.0,428,1993-10-19 2022-11-02,,,,
50,2023-10-25,9.46,2.51,450,1993-10-18 2022-11-01,97.61,4.44,450,1993-10-18 2022-11-01,12.64,1.96,450,1993-10-18 2022-11-01,19.97,10.44,450,1993-10-18 2022-11-01,5.64,3.49,450,1993-10-18 2022-11-01,75.3,15.29,450,1993-10-18 2022-11-01,6.1,3.21,450,1993-10-18 2022-11-01,2.51,4.39,450,1993-10-18 2022-11-01,11.98,18.01,443,1993-10-18 2022-11-01,11.98,18.01,443,1993-10-18 2022-11-01,0.0,0.0,443,1993-10-18 2022-11-01,0.0,0.0,428,1993-10-18 2022-11-01,,,,
51,2023-10-24,9.66,2.45,450,1993-10-17 2022-10-31,97.64,4.45,450,1993-10-17 2022-10-31,12.79,1.98,450,1993-10-17 2022-10-31,20.12,10.7,450,1993-10-17 2022-10-31,5.86,3.4,450,1993-10-17 2022-10-31,75.39,15.21,450,1993-10-17 2022-10-31,6.33,3.09,450,1993-10-17 2022-10-31,2.68,4.79,450,1993-10-17 2022-10-31,12.01,17.87,442,1993-10-17 2022-10-31,12.01,17.87,442,1993-10-17 2022-10-31,0.0,0.0,442,1993-10-17 2022-10-31,0.0,0.0,427,1993-10-17 2022-10-31,,,,
52,2023-10-23,9.84,2.33,450,1993-10-16 2022-10-30,97.72,4.38,450,1993-10-16 2022-10-30,12.89,2.0,450,1993-10-16 2022-10-30,20.32,10.79,450,1993-10-16 2022-10-30,6.06,3.28,450,1993-10-16 2022-10-30,76.04,14.97,450,1993-10-16 2022-10-30,6.52,2.99,450,1993-10-16 2022-10-30,2.69,4.74,450,1993-10-16 2022-10-30,13.07,19.54,442,1993-10-16 2022-10-30,13.07,19.54,442,1993-10-16 2022-10-30,0.0,0.0,442,1993-10-16 2022-10-30,0.0,0.0,427,1993-10-16 2022-10-30,,,,
53,2023-10-22,9.96,2.17,450,1993-10-15 2022-10-29,97.9,3.31,450,1993-10-15 2022-10-29,13.02,2.05,450,1993-10-15 2022-10-29,20.22,10.61,450,1993-10-15 2022-10-29,6.25,3.06,450,1993-10-15 2022-10-29,76.26,14.49,450,1993-10-15 2022-10-29,6.63,2.91,450,1993-10-15 2022-10-29,2.62,4.64,450,1993-10-15 2022-10-29,13.33,19.86,442,1993-10-15 2022-10-29,13.33,19.86,442,1993-10-15 2022-10-29,0.0,0.0,442,1993-10-15 2022-10-29,0.0,0.0,427,1993-10-15 2022-10-29,,,,
54,2023-10-21,10.08,2.07,450,1993-10-14 2022-10-28,97.96,3.07,450,1993-10-14 2022-10-28,13.1,2.05,450,1993-10-14 2022-10-28,20.11,10.71,450,1993-10-14 2022-10-28,6.4,2.86,450,1993-10-14 2022-10-28,76.49,13.64,450,1993-10-14 2022-10-28,6.71,2.88,450,1993-10-14 2022-10-28,2.61,4.64,450,1993-10-14 2022-10-28,12.99,19.69,442,1993-10-14 2022-10-28,12.99,19.69,442,1993-10-14 2022-10-28,0.0,0.0,442,1993-10-14 2022-10-28,0.0,0.0,427,1993-10-14 2022-10-28,,,,
55,2023-10-20,10.16,2.07,450,1993-10-13 2022-10-27,98.08,2.53,450,1993-10-13 2022-10-27,13.22,2.08,450,1993-10-13 2022-10-27,20.0,10.65,450,1993-10-13 2022-10-27,6.49,2.83,450,1993-10-13 2022-10-27,76.36,13.53,450,1993-10-13 2022-10-27,6.72,2.9,450,1993-10-13 2022-10-27,2.43,4.43,450,1993-10-13 2022-10-27,13.1,20.01,443,1993-10-13 2022-10-27,13.1,20.01,443,1993-10-13 2022-10-27,0.0,0.0,443,1993-10-13 2022-10-27,0.0,0.0,428,1993-10-13 2022-10-27,,,,
56,2023-10-19,10.28,2.03,450,1993-10-12 2022-10-26,98.13,2.53,450,1993-10-12 2022-10-26,13.29,2.08,450,1993-10-12 2022-10-26,20.06,10.6,450,1993-10-12 2022-10-26,6.6,2.8,450,1993-10-12 2022-10-26,76.57,13.11,450,1993-10-12 2022-10-26,6.83,2.87,450,1993-10-12 2022-10-26,2.48,4.53,450,1993-10-12 2022-10-26,13.11,20.09,443,1993-10-12 2022-10-26,13.11,20.09,443,1993-10-12 2022-10-26,0.0,0.0,443,1993-10-12 2022-10-26,0.0,0.0,428,1993-10-12 2022-10-26,,,,
57,2023-10-18,10.27,2.05,450,1993-10-11 2022-10-25,98.12,2.63,450,1993-10-11 2022-10-25,13.35,2.08,450,1993-10-11 2022-10-25,19.78,10.58,450,1993-10-11 2022-10-25,6.56,2.85,450,1993-10-11 2022-10-25,76.29,13.38,450,1993-10-11 2022-10-25,6.78,2.9,450,1993-10-11 2022-10-25,2.45,4.53,450,1993-10-11 2022-10-25,13.34,20.28,443,1993-10-11 2022-10-25,13.34,20.28,443,1993-10-11 2022-10-25,0.0,0.0,443,1993-10-11 2022-10-25,0.0,0.0,428,1993-10-11 2022-10-25,,,,
58,2023-10-17,10.31,2.07,450,1993-10-10 2022-10-24,98.13,2.62,450,1993-10-10 2022-10-24,13.43,2.04,450,1993-10-10 2022-10-24,19.45,10.39,450,1993-10-10 2022-10-24,6.61,2.86,450,1993-10-10 2022-10-24,75.98,13.59,450,1993-10-10 2022-10-24,6.83,2.89,450,1993-10-10 2022-10-24,2.26,4.28,450,1993-10-10 2022-10-24,12.68,20.03,443,1993-10-10 2022-10-24,12.68,20.03,443,1993-10-10 2022-10-24,0.0,0.0,443,1993-10-10 2022-10-24,0.0,0.0,428,1993-10-10 2022-10-24,,,,
59,2023-10-16,10.43,2.11,450,1993-10-09 2022-10-23,98.18,2.55,450,1993-10-09 2022-10-23,13.56,2.12,450,1993-10-09 2022-10-23,19.45,10.46,450,1993-10-09 2022-10-23,6.73,2.89,450,1993-10-09 2022-10-23,75.99,13.58,450,1993-10-09 2022-10-23,6.93,2.91,450,1993-10-09 2022-10-23,2.29,4.42,450,1993-10-09 2022-10-23,12.63,19.9,444,1993-10-09 2022-10-23,12.63,19.9,444,1993-10-09 2022-10-23,0.0,0.0,444,1993-10-09 2022-10-23,0.0,0.0,429,1993-10-09 2022-10-23,,,,
60,2023-10-15,10.5,2.13,450,1993-10-08 2022-10-22,98.21,2.55,450,1993-10-08 2022-10-22,13.68,2.14,450,1993-10-08 2022-10-22,19.32,10.43,450,1993-10-08 2022-10-22,6.84,2.95,450,1993-10-08 2022-10-22,75.96,13.75,450,1993-10-08 2022-10-22,7.03,2.92,450,1993-10-08 2022-10-22,2.33,4.4,450,1993-10-08 2022-10-22,12.36,19.69,445,1993-10-08 2022-10-22,12.36,19.69,445,1993-10-08 2022-10-22,0.0,0.0,445,1993-10-08 2022-10-22,0.0,0.0,430,1993-10-08 2022-10-22,,,,
61,2023-10-14,10.6,2.15,450,1993-10-07 2022-10-21,98.19,2.56,450,1993-10-07 2022-10-21,13.82,2.2,450,1993-10-07 2022-10-21,19.2,10.42,450,1993-10-07 2022-10-21,6.93,2.96,450,1993-10-07 2022-10-21,75.65,13.8,450,1993-10-07 2022-10-21,7.14,2.92,450,1993-10-07 2022-10-21,2.36,4.41,450,1993-10-07 2022-10-21,12.12,19.53,445,1993-10-07 2022-10-21,12.12,19.53,445,1993-10-07 2022-10-21,0.0,0.0,445,1993-10-07 2022-10-21,0.0,0.0,430,1993-10-07 2022-10-21,,,,
62,2023-10-13,10.7,2.16,450,1993-10-06 2022-10-20,98.26,2.42,450,1993-10-06 2022-10-20,13.98,2.26,450,1993-10-06 2022-10-20,19.18,10.39,450,1993-10-06 2022-10-20,7.03,2.98,450,1993-10-06 2022-10-20,75.51,14.0,450,1993-10-06 2022-10-20,7.23,2.93,450,1993-10-06 2022-10-20,2.27,4.34,450,1993-10-06 2022-10-20,11.63,18.25,445,1993-10-06 2022-10-20,11.63,18.25,445,1993-10-06 2022-10-20,0.0,0.0,445,1993-10-06 2022-10-20,0.0,0.0,430,1993-10-06 2022-10-20,,,,
63,2023-10-12,10.76,2.16,450,1993-10-05 2022-10-19,98.24,2.44,450,1993-10-05 2022-10-19,14.07,2.29,450,1993-10-05 2022-10-19,18.93,10.19,450,1993-10-05 2022-10-19,7.11,3.0,450,1993-10-05 2022-10-19,75.47,14.3,450,1993-10-05 2022-10-19,7.3,2.95,450,1993-10-05 2022-10-19,2.2,4.23,450,1993-10-05 2022-10-19,11.45,18.21,446,1993-10-05 2022-10-19,11.45,18.21,446,1993-10-05 2022-10-19,0.0,0.0,446,1993-10-05 2022-10-19,0.0,0.0,431,1993-10-05 2022-10-19,,,,
64,2023-10-11,10.81,2.14,450,1993-10-04 2022-10-18,98.3,2.22,450,1993-10-04 2022-10-18,14.18,2.35,450,1993-10-04 2022-10-18,18.7,10.0,450,1993-10-04 2022-10-18,7.13,3.03,450,1993-10-04 2022-10-18,75.17,14.92,450,1993-10-04 2022-10-18,7.3,2.96,450,1993-10-04 2022-10-18,2.15,4.16,450,1993-10-04 2022-10-18,11.21,18.12,447,1993-10-04 2022-10-18,11.21,18.12,447,1993-10-04 2022-10-18,0.0,0.0,447,1993-10-04 2022-10-18,0.0,0.0,432,1993-10-04 2022-10-18,,,,
65,2023-10-10,10.84,2.15,450,1993-10-03 2022-10-17,98.28,2.23,450,1993-10-03 2022-10-17,14.32,2.35,450,1993-10-03 2022-10-17,18.66,9.87,450,1993-10-03 2022-10-17,7.12,3.06,450,1993-10-03 2022-10-17,74.36,15.3,450,1993-10-03 2022-10-17,7.31,2.98,450,1993-10-03 2022-10-17,2.23,4.16,450,1993-10-03 2022-10-17,10.79,17.42,447,1993-10-03 2022-10-17,10.79,17.42,447,1993-10-03 2022-10-17,0.0,0.0,447,1993-10-03 2022-10-17,0.0,0.0,432,1993-10-03 2022-10-17,,,,
66,2023-10-09,10.84,2.16,450,1993-10-02 2022-10-16,98.3,2.2,450,1993-10-02 2022-10-16,14.46,2.4,450,1993-10-02 2022-10-16,18.48,9.56,450,1993-10-02 2022-10-16,7.13,3.06,450,1993-10-02 2022-10-16,73.86,15.5,450,1993-10-02 2022-10-16,7.31,2.98,450,1993-10-02 2022-10-16,1.97,3.61,450,1993-10-02 2022-10-16,10.5,16.97,448,1993-10-02 2022-10-16,10.5,16.97,448,1993-10-02 2022-10-16,0.0,0.0,448,1993-10-02 2022-10-16,0.0,0.0,433,1993-10-02 2022-10-16,,,,
67,2023-10-08,10.92,2.17,450,1993-10-01 2022-10-15,98.33,2.16,450,1993-10-01 2022-10-15,14.6,2.46,450,1993-10-01 2022-10-15,18.32,9.59,450,1993-10-01 2022-10-15,7.17,3.02,450,1993-10-01 2022-10-15,73.3,15.46,450,1993-10-01 2022-10-15,7.37,2.94,450,1993-10-01 2022-10-15,1.9,3.59,450,1993-10-01 2022-10-15,9.33,14.71,447,1993-10-01 2022-10-15,9.33,14.71,447,1993-10-01 2022-10-15,0.0,0.0,447,1993-10-01 2022-10-15,0.0,0.0,431,1993-10-01 2022-10-15,,,,
68,2023-10-07,11.02,2.14,450,1993-09-30 2022-10-14,98.31,2.22,450,1993-09-30 2022-10-14,14.73,2.43,450,1993-09-30 2022-10-14,18.21,9.56,450,1993-09-30 2022-10-14,7.26,3.0,450,1993-09-30 2022-10-14,73.09,15.29,450,1993-09-30 2022-10-14,7.49,2.92,450,1993-09-30 2022-10-14,1.87,3.55,450,1993-09-30 2022-10-14,8.56,13.98,443,1993-09-30 2022-10-14,8.56,13.98,443,1993-09-30 2022-10-14,0.0,0.0,443,1993-09-30 2022-10-14,0.0,0.0,427,1993-09-30 2022-10-14,,,,
69,2023-10-06,11.12,2.16,450,1993-09-29 2022-10-13,98.28,2.47,450,1993-09-29 2022-10-13,14.88,2.46,450,1993-09-29 2022-10-13,18.31,9.56,450,1993-09-29 2022-10-13,7.37,3.06,450,1993-09-29 2022-10-13,72.84,15.33,450,1993-09-29 2022-10-13,7.64,2.92,450,1993-09-29 2022-10-13,1.9,3.59,450,1993-09-29 2022-10-13,8.89,15.08,441,1993-09-29 2022-10-13,8.89,15.08,441,1993-09-29 2022-10-13,0.0,0.0,441,1993-09-29 2022-10-13,0.0,0.0,424,1993-09-29 2022-10-13,,,,
70,2023-10-05,11.22,2.18,450,1993-09-28 2022-10-12,98.28,2.46,450,1993-09-28 2022-10-12,15.05,2.49,450,1993-09-28 2022-10-12,18.3,9.45,450,1993-09-28 2022-10-12,7.47,3.07,450,1993-09-28 2022-10-12,72.66,15.38,450,1993-09-28 2022-10-12,7.76,2.92,450,1993-09-28 2022-10-12,1.91,3.62,450,1993-09-28 2022-10-12,8.89,15.9,439,1993-09-28 2022-10-12,8.89,15.9,439,1993-09-28 2022-10-12,0.0,0.0,439,1993-09-28 2022-10-12,0.0,0.0,422,1993-09-28 2022-10-12,,,,
71,2023-10-04,11.35,2.2,450,1993-09-27 2022-10-11,98.29,2.46,450,1993-09-27 2022-10-11,15.29,2.61,450,1993-09-27 2022-10-11,18.07,9.27,450,1993-09-27 2022-10-11,7.61,3.04,450,1993-09-27 2022-10-11,72.18,15.32,450,1993-09-27 2022-10-11,7.91,2.92,450,1993-09-27 2022-10-11,1.79,3.46,450,1993-09-27 2022-10-11,8.18,15.18,438,1993-09-27 2022-10-11,8.18,15.18,438,1993-09-27 2022-10-11,0.0,0.0,438,1993-09-27 2022-10-11,0.0,0.0,421,1993-09-27 2022-10-11,,,,
72,2023-10-03,11.56,2.16,450,1993-09-26 2022-10-10,98.32,2.37,450,1993-09-26 2022-10-10,15.53,2.63,450,1993-09-26 2022-10-10,18.32,9.42,450,1993-09-26 2022-10-10,7.86,2.93,450,1993-09-26 2022-10-10,72.14,15.38,450,1993-09-26 2022-10-10,8.17,2.82,450,1993-09-26 2022-10-10,1.8,3.39,450,1993-09-26 2022-10-10,7.67,14.73,437,1993-09-26 2022-10-10,7.67,14.73,437,1993-09-26 2022-10-10,0.0,0.0,437,1993-09-26 2022-10-10,0.0,0.0,420,1993-09-26 2022-10-10,,,,
73,2023-10-02,11.74,2.13,450,1993-09-25 2022-10-09,98.3,2.49,450,1993-09-25 2022-10-09,15.77,2.66,450,1993-09-25 2022-10-09,18.39,9.34,450,1993-09-25 2022-10-09,8.04,2.89,450,1993-09-25 2022-10-09,72.07,15.45,450,1993-09-25 2022-10-09,8.35,2.82,450,1993-09-25 2022-10-09,1.88,3.66,450,1993-09-25 2022-10-09,7.76,14.87,436,1993-09-25 2022-10-09,7.76,14.87,436,1993-09-25 2022-10-09,0.0,0.0,436,1993-09-25 2022-10-09,0.0,0.0,419,1993-09-25 2022-10-09,,,,
74,2023-10-01,11.87,2.07,450,1993-09-24 2022-10-08,98.34,2.45,450,1993-09-24 2022-10-08,15.94,2.64,450,1993-09-24 2022-10-08,18.28,9.13,450,1993-09-24 2022-10-08,8.17,2.84,450,1993-09-24 2022-10-08,71.98,15.53,450,1993-09-24 2022-10-08,8.45,2.76,450,1993-09-24 2022-10-08,1.86,3.78,450,1993-09-24 2022-10-08,7.53,14.78,435,1993-09-24 2022-10-08,7.53,14.78,435,1993-09-24 2022-10-08,0.0,0.0,435,1993-09-24 2022-10-08,0.0,0.0,418,1993-09-24 2022-10-08,,,,
75,2023-09-30,11.98,2.05,450,1993-09-23 2022-10-07,98.39,2.29,450,1993-09-23 2022-10-07,16.1,2.62,450,1993-09-23 2022-10-07,18.18,9.2,450,1993-09-23 2022-10-07,8.25,2.85,450,1993-09-23 2022-10-07,71.71,15.62,450,1993-09-23 2022-10-07,8.51,2.77,450,1993-09-23 2022-10-07,1.76,3.73,450,1993-09-23 2022-10-07,7.51,14.98,434,1993-09-23 2022-10-07,7.51,14.98,434,1993-09-23 2022-10-07,0.0,0.0,434,1993-09-23 2022-10-07,0.0,0.0,417,1993-09-23 2022-10-07,,,,
76,2023-09-29,12.05,2.08,450,1993-09-22 2022-10-06,98.36,2.57,450,1993-09-22 2022-10-06,16.26,2.63,450,1993-09-22 2022-10-06,18.25,9.27,450,1993-09-22 2022-10-06,8.27,2.88,450,1993-09-22 2022-10-06,71.29,15.86,450,1993-09-22 2022-10-06,8.54,2.8,450,1993-09-22 2022-10-06,1.63,3.54,450,1993-09-22 2022-10-06,7.27,14.93,433,1993-09-22 2022-10-05,7.27,14.93,433,1993-09-22 2022-10-05,0.0,0.0,433,1993-09-22 2022-10-05,0.0,0.0,416,1993-09-22 2022-10-05,,,,
77,2023-09-28,12.09,2.08,450,1993-09-21 2022-10-05,98.34,2.59,450,1993-09-21 2022-10-05,16.39,2.67,450,1993-09-21 2022-10-05,18.19,9.14,450,1993-09-21 2022-10-05,8.32,2.87,450,1993-09-21 2022-10-05,70.73,16.15,450,1993-09-21 2022-10-05,8.62,2.76,450,1993-09-21 2022-10-05,1.68,3.58,450,1993-09-21 2022-10-05,7.03,14.95,432,1993-09-21 2022-10-05,7.03,14.95,432,1993-09-21 2022-10-05,0.0,0.0,432,1993-09-21 2022-10-05,0.0,0.0,415,1993-09-21 2022-10-05,,,,
78,2023-09-27,12.2,2.03,450,1993-09-20 2022-10-04,98.37,2.56,450,1993-09-20 2022-10-04,16.54,2.65,450,1993-09-20 2022-10-04,18.17,9.17,450,1993-09-20 2022-10-04,8.43,2.84,450,1993-09-20 2022-10-04,70.64,16.06,450,1993-09-20 2022-10-04,8.72,2.73,450,1993-09-20 2022-10-04,1.64,3.56,450,1993-09-20 2022-10-04,7.01,15.18,430,1993-09-20 2022-10-04,7.01,15.18,430,1993-09-20 2022-10-04,0.0,0.0,430,1993-09-20 2022-10-04,0.0,0.0,413,1993-09-20 2022-10-04,,,,
79,2023-09-26,12.34,1.99,450,1993-09-19 2022-10-03,98.37,2.61,450,1993-09-19 2022-10-03,16.68,2.62,450,1993-09-19 2022-10-03,18.17,9.07,450,1993-09-19 2022-10-03,8.58,2.77,450,1993-09-19 2022-10-03,70.62,15.58,450,1993-09-19 2022-10-03,8.89,2.71,450,1993-09-19 2022-10-03,1.59,3.49,450,1993-09-19 2022-10-03,6.9,15.22,429,1993-09-19 2022-10-03,6.9,15.22,429,1993-09-19 2022-10-03,0.0,0.0,429,1993-09-19 2022-10-03,0.0,0.0,412,1993-09-19 2022-10-03,,,,
80,2023-09-25,12.49,1.93,450,1993-09-18 2022-10-02,98.38,2.63,450,1993-09-18 2022-10-02,16.78,2.63,450,1993-09-18 2022-10-02,18.18,9.01,450,1993-09-18 2022-10-02,8.77,2.72,450,1993-09-18 2022-10-02,71.18,15.46,450,1993-09-18 2022-10-02,9.08,2.65,450,1993-09-18 2022-10-02,1.46,3.32,450,1993-09-18 2022-10-02,6.97,15.21,428,1993-09-18 2022-10-02,6.97,15.21,428,1993-09-18 2022-10-02,0.0,0.0,428,1993-09-18 2022-10-02,0.0,0.0,411,1993-09-18 2022-10-02,,,,
81,2023-09-24,12.63,1.9,450,1993-09-17 2022-10-01,98.38,2.64,450,1993-09-17 2022-10-01,16.83,2.63,450,1993-09-17 2022-10-01,18.29,9.02,450,1993-09-17 2022-10-01,8.94,2.67,450,1993-09-17 2022-10-01,71.72,15.39,450,1993-09-17 2022-10-01,9.21,2.61,450,1993-09-17 2022-10-01,1.5,3.37,450,1993-09-17 2022-10-01,7.13,15.74,427,1993-09-17 2022-10-01,7.13,15.74,427,1993-09-17 2022-10-01,0.0,0.0,427,1993-09-17 2022-10-01,0.0,0.0,410,1993-09-17 2022-10-01,,,,
82,2023-09-23,12.7,1.88,450,1993-09-16 2022-09-30,98.38,2.63,450,1993-09-16 2022-09-30,16.91,2.61,450,1993-09-16 2022-09-30,18.31,8.83,450,1993-09-16 2022-09-30,9.08,2.67,450,1993-09-16 2022-09-30,71.97,15.36,450,1993-09-16 2022-09-30,9.34,2.61,450,1993-09-16 2022-09-30,1.51,3.36,450,1993-09-16 2022-09-30,7.14,15.83,427,1993-09-16 2022-09-30,7.14,15.83,427,1993-09-16 2022-09-30,0.0,0.0,427,1993-09-16 2022-09-30,0.0,0.0,411,1993-09-16 2022-09-30,,,,
83,2023-09-22,12.79,1.86,450,1993-09-15 2022-09-29,98.38,2.59,450,1993-09-15 2022-09-29,16.98,2.6,450,1993-09-15 2022-09-29,18.25,8.81,450,1993-09-15 2022-09-29,9.2,2.63,450,1993-09-15 2022-09-29,72.14,15.52,450,1993-09-15 2022-09-29,9.44,2.58,450,1993-09-15 2022-09-29,1.55,3.41,450,1993-09-15 2022-09-29,7.28,15.93,430,1993-09-15 2022-09-29,7.28,15.93,430,1993-09-15 2022-09-29,0.0,0.0,430,1993-09-15 2022-09-29,0.0,0.0,414,1993-09-15 2022-09-29,,,,
84,2023-09-21,12.87,1.81,450,1993-09-14 2022-09-28,98.45,2.33,450,1993-09-14 2022-09-28,17.07,2.69,450,1993-09-14 2022-09-28,17.97,8.53,450,1993-09-14 2022-09-28,9.29,2.59,450,1993-09-14 2022-09-28,72.22,15.78,450,1993-09-14 2022-09-28,9.52,2.57,450,1993-09-14 2022-09-28,1.45,3.33,450,1993-09-14 2022-09-28,6.82,14.73,431,1993-09-14 2022-09-28,6.82,14.73,431,1993-09-14 2022-09-28,0.0,0.0,431,1993-09-14 2022-09-28,0.0,0.0,416,1993-09-14 2022-09-28,,,,
85,2023-09-20,12.95,1.77,450,1993-09-13 2022-09-27,98.41,2.39,450,1993-09-13 2022-09-27,17.23,2.74,450,1993-09-13 2022-09-27,17.86,8.5,450,1993-09-13 2022-09-27,9.34,2.6,450,1993-09-13 2022-09-27,71.8,16.09,450,1993-09-13 2022-09-27,9.6,2.54,450,1993-09-13 2022-09-27,1.4,3.29,450,1993-09-13 2022-09-27,6.28,13.03,432,1993-09-13 2022-09-27,6.28,13.03,432,1993-09-13 2022-09-27,0.0,0.0,432,1993-09-13 2022-09-27,0.0,0.0,417,1993-09-13 2022-09-27,,,,
86,2023-09-19,12.98,1.76,450,1993-09-12 2022-09-26,98.43,2.38,450,1993-09-12 2022-09-26,17.28,2.72,450,1993-09-12 2022-09-26,17.84,8.44,450,1993-09-12 2022-09-26,9.42,2.62,450,1993-09-12 2022-09-26,71.95,16.2,450,1993-09-12 2022-09-26,9.66,2.55,450,1993-09-12 2022-09-26,1.41,3.27,450,1993-09-12 2022-09-26,6.06,12.89,432,1993-09-12 2022-09-26,6.06,12.89,432,1993-09-12 2022-09-26,0.0,0.0,432,1993-09-12 2022-09-26,0.0,0.0,417,1993-09-12 2022-09-26,,,,
87,2023-09-18,13.05,1.78,450,1993-09-11 2022-09-25,98.42,2.51,450,1993-09-11 2022-09-25,17.4,2.81,450,1993-09-11 2022-09-25,17.82,8.24,450,1993-09-11 2022-09-25,9.45,2.63,450,1993-09-11 2022-09-25,71.68,16.29,450,1993-09-11 2022-09-25,9.73,2.56,450,1993-09-11 2022-09-25,1.36,3.25,450,1993-09-11 2022-09-25,6.11,13.15,432,1993-09-11 2022-09-25,6.11,13.15,432,1993-09-11 2022-09-25,0.0,0.0,432,1993-09-11 2022-09-25,0.0,0.0,417,1993-09-11 2022-09-25,,,,
88,2023-09-17,13.09,1.78,450,1993-09-10 2022-09-24,98.46,2.39,450,1993-09-10 2022-09-24,17.49,2.9,450,1993-09-10 2022-09-24,17.59,7.96,450,1993-09-10 2022-09-24,9.48,2.62,450,1993-09-10 2022-09-24,71.47,16.43,450,1993-09-10 2022-09-24,9.75,2.53,450,1993-09-10 2022-09-24,1.22,2.89,450,1993-09-10 2022-09-24,5.88,13.08,431,1993-09-10 2022-09-24,5.88,13.08,431,1993-09-10 2022-09-24,0.0,0.0,431,1993-09-10 2022-09-24,0.0,0.0,416,1993-09-10 2022-09-24,,,,
89,2023-09-16,13.14,1.78,450,1993-09-09 2022-09-23,98.33,2.79,450,1993-09-09 2022-09-23,17.58,2.93,450,1993-09-09 2022-09-23,17.54,7.8,450,1993-09-09 2022-09-23,9.54,2.63,450,1993-09-09 2022-09-23,71.31,16.72,450,1993-09-09 2022-09-23,9.88,2.53,450,1993-09-09 2022-09-23,1.21,2.54,450,1993-09-09 2022-09-23,5.54,12.62,430,1993-09-09 2022-09-23,5.54,12.62,430,1993-09-09 2022-09-23,0.0,0.0,430,1993-09-09 2022-09-23,0.0,0.0,415,1993-09-09 2022-09-23,,,,
90,2023-09-15,13.2,1.75,450,1993-09-08 2022-09-22,98.33,2.82,450,1993-09-08 2022-09-22,17.66,2.99,450,1993-09-08 2022-09-22,17.59,7.58,450,1993-09-08 2022-09-22,9.65,2.58,450,1993-09-08 2022-09-22,71.43,16.95,450,1993-09-08 2022-09-22,10.0,2.47,450,1993-09-08 2022-09-22,1.18,2.5,450,1993-09-08 2022-09-22,5.48,12.47,429,1993-09-08 2022-09-22,5.48,12.47,429,1993-09-08 2022-09-22,0.0,0.0,429,1993-09-08 2022-09-22,0.0,0.0,414,1993-09-08 2022-09-22,,,,
91,2023-09-14,13.29,1.68,450,1993-09-07 2022-09-21,98.39,2.59,450,1993-09-07 2022-09-21,17.74,3.07,450,1993-09-07 2022-09-21,17.38,7.36,450,1993-09-07 2022-09-21,9.8,2.47,450,1993-09-07 2022-09-21,71.61,16.97,450,1993-09-07 2022-09-21,10.14,2.4,450,1993-09-07 2022-09-21,1.16,2.45,450,1993-09-07 2022-09-21,5.58,12.7,429,1993-09-07 2022-09-21,5.58,12.7,429,1993-09-07 2022-09-21,0.0,0.0,429,1993-09-07 2022-09-21,0.0,0.0,414,1993-09-07 2022-09-21,,,,
92,2023-09-13,13.38,1.64,450,1993-09-06 2022-09-20,98.42,2.56,450,1993-09-06 2022-09-20,17.82,3.07,450,1993-09-06 2022-09-20,17.32,7.19,450,1993-09-06 2022-09-20,9.93,2.4,450,1993-09-06 2022-09-20,71.79,16.62,450,1993-09-06 2022-09-20,10.25,2.33,450,1993-09-06 2022-09-20,1.17,2.42,450,1993-09-06 2022-09-20,5.36,12.02,429,1993-09-06 2022-09-20,5.36,12.02,429,1993-09-06 2022-09-20,0.0,0.0,429,1993-09-06 2022-09-20,0.0,0.0,414,1993-09-06 2022-09-20,,,,
93,2023-09-12,13.45,1.62,450,1993-09-05 2022-09-19,98.4,2.58,450,1993-09-05 2022-09-19,17.94,3.1,450,1993-09-05 2022-09-19,17.57,7.23,450,1993-09-05 2022-09-19,10.01,2.38,450,1993-09-05 2022-09-19,71.52,16.59,450,1993-09-05 2022-09-19,10.34,2.3,450,1993-09-05 2022-09-19,1.17,2.41,450,1993-09-05 2022-09-19,5.15,11.63,430,1993-09-05 2022-09-19,5.15,11.63,430,1993-09-05 2022-09-19,0.0,0.0,430,1993-09-05 2022-09-19,0.0,0.0,415,1993-09-05 2022-09-19,,,,
94,2023-09-11,13.49,1.62,450,1993-09-04 2022-09-18,98.43,2.53,450,1993-09-04 2022-09-18,18.02,3.15,450,1993-09-04 2022-09-18,17.7,7.3,450,1993-09-04 2022-09-18,10.07,2.33,450,1993-09-04 2022-09-18,71.42,16.6,450,1993-09-04 2022-09-18,10.39,2.25,450,1993-09-04 2022-09-18,1.12,2.38,450,1993-09-04 2022-09-18,5.2,11.64,429,1993-09-04 2022-09-18,5.2,11.64,429,1993-09-04 2022-09-18,0.0,0.0,429,1993-09-04 2022-09-18,0.0,0.0,414,1993-09-04 2022-09-18,,,,
95,2023-09-10,13.53,1.59,450,1993-09-03 2022-09-17,98.48,2.47,450,1993-09-03 2022-09-17,18.15,3.16,450,1993-09-03 2022-09-17,17.69,7.28,450,1993-09-03 2022-09-17,10.1,2.31,450,1993-09-03 2022-09-17,70.9,16.41,450,1993-09-03 2022-09-17,10.41,2.21,450,1993-09-03 2022-09-17,1.08,2.36,450,1993-09-03 2022-09-17,4.92,11.43,428,1993-09-03 2022-09-17,4.92,11.43,428,1993-09-03 2022-09-17,0.0,0.0,428,1993-09-03 2022-09-17,0.0,0.0,413,1993-09-03 2022-09-17,,,,
96,2023-09-09,13.58,1.6,450,1993-09-02 2022-09-16,98.5,2.45,450,1993-09-02 2022-09-16,18.34,3.16,450,1993-09-02 2022-09-16,17.58,7.14,450,1993-09-02 2022-09-16,10.16,2.31,450,1993-09-02 2022-09-16,70.28,16.27,450,1993-09-02 2022-09-16,10.45,2.19,450,1993-09-02 2022-09-16,1.08,2.38,450,1993-09-02 2022-09-16,4.47,10.34,428,1993-09-02 2022-09-16,4.47,10.34,428,1993-09-02 2022-09-16,0.0,0.0,428,1993-09-02 2022-09-16,0.0,0.0,413,1993-09-02 2022-09-16,,,,
97,2023-09-08,13.62,1.59,450,1993-09-01 2022-09-15,98.51,2.45,450,1993-09-01 2022-09-15,18.46,3.12,450,1993-09-01 2022-09-15,17.57,7.02,450,1993-09-01 2022-09-15,10.18,2.33,450,1993-09-01 2022-09-15,69.88,16.41,450,1993-09-01 2022-09-15,10.46,2.18,450,1993-09-01 2022-09-15,1.13,2.46,450,1993-09-01 2022-09-15,4.28,10.09,428,1993-09-01 2022-09-15,4.28,10.09,428,1993-09-01 2022-09-15,0.0,0.0,428,1993-09-01 2022-09-15,0.0,0.0,413,1993-09-01 2022-09-15,,,,
98,2023-09-07,13.67,1.57,450,1993-08-31 2022-09-14,98.54,2.45,450,1993-08-31 2022-09-14,18.55,3.09,450,1993-08-31 2022-09-14,17.74,6.93,450,1993-08-31 2022-09-14,10.23,2.3,450,1993-08-31 2022-09-14,69.64,16.38,450,1993-08-31 2022-09-14,10.51,2.18,450,1993-08-31 2022-09-14,1.06,2.36,450,1993-08-31 2022-09-14,4.01,9.74,429,1993-08-31 2022-09-14,4.01,9.74,429,1993-08-31 2022-09-14,0.0,0.0,429,1993-08-31 2022-09-14,0.0,0.0,413,1993-08-31 2022-09-14,,,,
99,2023-09-06,13.72,1.59,450,1993-08-30 2022-09-13,98.56,2.44,450,1993-08-30 2022-09-13,18.63,3.03,450,1993-08-30 2022-09-13,18.01,7.02,450,1993-08-30 2022-09-13,10.28,2.31,450,1993-08-30 2022-09-13,69.46,16.22,450,1993-08-30 2022-09-13,10.54,2.23,450,1993-08-30 2022-09-13,1.1,2.4,450,1993-08-30 2022-09-13,4.07,10.31,431,1993-08-30 2022-09-13,4.07,10.31,431,1993-08-30 2022-09-13,0.0,0.0,431,1993-08-30 2022-09-13,0.0,0.0,414,1993-08-30 2022-09-13,,,,
